{
  "Transaction Controller - tasklists" : {
    "transaction" : "Transaction Controller - tasklists",
    "sampleCount" : 3,
    "errorCount" : 0,
    "errorPct" : 0.0,
    "meanResTime" : 4000.0,
    "medianResTime" : 5322.0,
    "minResTime" : 1301.0,
    "maxResTime" : 5377.0,
    "pct1ResTime" : 5377.0,
    "pct2ResTime" : 5377.0,
    "pct3ResTime" : 5377.0,
    "throughput" : 0.5579319323042589,
    "receivedKBytesPerSec" : 40.556493514041286,
    "sentKBytesPerSec" : 0.5345031499907011
  },
  "read one tasklist" : {
    "transaction" : "read one tasklist",
    "sampleCount" : 4,
    "errorCount" : 0,
    "errorPct" : 0.0,
    "meanResTime" : 725.75,
    "medianResTime" : 101.0,
    "minResTime" : 6.0,
    "maxResTime" : 2695.0,
    "pct1ResTime" : 2695.0,
    "pct2ResTime" : 2695.0,
    "pct3ResTime" : 2695.0,
    "throughput" : 0.9678199854827002,
    "receivedKBytesPerSec" : 0.28070560125816596,
    "sentKBytesPerSec" : 0.12948372852649406
  },
  "create task" : {
    "transaction" : "create task",
    "sampleCount" : 1,
    "errorCount" : 0,
    "errorPct" : 0.0,
    "meanResTime" : 4005.0,
    "medianResTime" : 4005.0,
    "minResTime" : 4005.0,
    "maxResTime" : 4005.0,
    "pct1ResTime" : 4005.0,
    "pct2ResTime" : 4005.0,
    "pct3ResTime" : 4005.0,
    "throughput" : 0.24968789013732834,
    "receivedKBytesPerSec" : 0.07168773408239701,
    "sentKBytesPerSec" : 0.07046855493133583
  },
  "Total" : {
    "transaction" : "Total",
    "sampleCount" : 378,
    "errorCount" : 0,
    "errorPct" : 0.0,
    "meanResTime" : 2224.291005291006,
    "medianResTime" : 2753.5,
    "minResTime" : 0.0,
    "maxResTime" : 5600.0,
    "pct1ResTime" : 4200.2,
    "pct2ResTime" : 4638.1,
    "pct3ResTime" : 5586.05,
    "throughput" : 59.37794533459001,
    "receivedKBytesPerSec" : 828.7800301405907,
    "sentKBytesPerSec" : 9.934981738925542
  },
  "create tasklist" : {
    "transaction" : "create tasklist",
    "sampleCount" : 201,
    "errorCount" : 0,
    "errorPct" : 0.0,
    "meanResTime" : 2640.218905472638,
    "medianResTime" : 3818.0,
    "minResTime" : 5.0,
    "maxResTime" : 5345.0,
    "pct1ResTime" : 4197.8,
    "pct2ResTime" : 4227.6,
    "pct3ResTime" : 5240.999999999999,
    "throughput" : 33.091866973987486,
    "receivedKBytesPerSec" : 9.727199178877182,
    "sentKBytesPerSec" : 7.658957493002964
  },
  "update tasklist name" : {
    "transaction" : "update tasklist name",
    "sampleCount" : 24,
    "errorCount" : 0,
    "errorPct" : 0.0,
    "meanResTime" : 2878.4583333333326,
    "medianResTime" : 3376.0,
    "minResTime" : 6.0,
    "maxResTime" : 3974.0,
    "pct1ResTime" : 3967.5,
    "pct2ResTime" : 3973.75,
    "pct3ResTime" : 3974.0,
    "throughput" : 5.4005400540054005,
    "receivedKBytesPerSec" : 1.5663675742574257,
    "sentKBytesPerSec" : 1.3290391539153916
  },
  "check jmeter variables for tasklist id" : {
    "transaction" : "check jmeter variables for tasklist id",
    "sampleCount" : 73,
    "errorCount" : 0,
    "errorPct" : 0.0,
    "meanResTime" : 0.2191780821917808,
    "medianResTime" : 0.0,
    "minResTime" : 0.0,
    "maxResTime" : 2.0,
    "pct1ResTime" : 1.0,
    "pct2ResTime" : 1.0,
    "pct3ResTime" : 2.0,
    "throughput" : 25.932504440497336,
    "receivedKBytesPerSec" : 8.303730017761989,
    "sentKBytesPerSec" : 0.0
  },
  "read all tasklists" : {
    "transaction" : "read all tasklists",
    "sampleCount" : 72,
    "errorCount" : 0,
    "errorPct" : 0.0,
    "meanResTime" : 3141.569444444445,
    "medianResTime" : 3073.0,
    "minResTime" : 686.0,
    "maxResTime" : 5600.0,
    "pct1ResTime" : 5531.3,
    "pct2ResTime" : 5586.75,
    "pct3ResTime" : 5600.0,
    "throughput" : 12.332990750256936,
    "receivedKBytesPerSec" : 888.0760347079479,
    "sentKBytesPerSec" : 1.6018435251798562
  },
  "delete tasklist by id" : {
    "transaction" : "delete tasklist by id",
    "sampleCount" : 3,
    "errorCount" : 0,
    "errorPct" : 0.0,
    "meanResTime" : 2632.6666666666665,
    "medianResTime" : 3919.0,
    "minResTime" : 6.0,
    "maxResTime" : 3973.0,
    "pct1ResTime" : 3973.0,
    "pct2ResTime" : 3973.0,
    "pct3ResTime" : 3973.0,
    "throughput" : 0.7367387033398821,
    "receivedKBytesPerSec" : 0.13741903548624754,
    "sentKBytesPerSec" : 0.1597226485756385
  }
}