{
  "Transaction Controller - tasklists" : {
    "transaction" : "Transaction Controller - tasklists",
    "sampleCount" : 1233,
    "errorCount" : 0,
    "errorPct" : 0.0,
    "meanResTime" : 5404.490673154912,
    "medianResTime" : 5468.0,
    "minResTime" : 294.0,
    "maxResTime" : 17995.0,
    "pct1ResTime" : 8616.6,
    "pct2ResTime" : 9624.499999999998,
    "pct3ResTime" : 11959.920000000002,
    "throughput" : 15.57034436601043,
    "receivedKBytesPerSec" : 666.8875130818359,
    "sentKBytesPerSec" : 14.909901568557503
  },
  "read one tasklist" : {
    "transaction" : "read one tasklist",
    "sampleCount" : 1251,
    "errorCount" : 0,
    "errorPct" : 0.0,
    "meanResTime" : 925.9032773780975,
    "medianResTime" : 940.0,
    "minResTime" : 2.0,
    "maxResTime" : 8443.0,
    "pct1ResTime" : 1992.7999999999993,
    "pct2ResTime" : 2557.199999999999,
    "pct3ResTime" : 4239.08,
    "throughput" : 16.040929373749808,
    "receivedKBytesPerSec" : 4.650818174751244,
    "sentKBytesPerSec" : 2.1444229601028364
  },
  "create tasklist" : {
    "transaction" : "create tasklist",
    "sampleCount" : 2553,
    "errorCount" : 0,
    "errorPct" : 0.0,
    "meanResTime" : 966.424990207598,
    "medianResTime" : 943.0,
    "minResTime" : 3.0,
    "maxResTime" : 8004.0,
    "pct1ResTime" : 2090.0,
    "pct2ResTime" : 2699.2999999999997,
    "pct3ResTime" : 4156.200000000001,
    "throughput" : 32.31359246649031,
    "receivedKBytesPerSec" : 9.495845700380979,
    "sentKBytesPerSec" : 7.478829506404495
  },
  "read all tasks" : {
    "transaction" : "read all tasks",
    "sampleCount" : 1188,
    "errorCount" : 0,
    "errorPct" : 0.0,
    "meanResTime" : 1036.3131313131312,
    "medianResTime" : 980.5,
    "minResTime" : 5.0,
    "maxResTime" : 8681.0,
    "pct1ResTime" : 2250.2000000000003,
    "pct2ResTime" : 2652.2,
    "pct3ResTime" : 4045.6499999999987,
    "throughput" : 15.248950671955024,
    "receivedKBytesPerSec" : 39.423482284967974,
    "sentKBytesPerSec" : 1.921010387384959
  },
  "update task name" : {
    "transaction" : "update task name",
    "sampleCount" : 1171,
    "errorCount" : 0,
    "errorPct" : 0.0,
    "meanResTime" : 988.9487617421,
    "medianResTime" : 951.0,
    "minResTime" : 3.0,
    "maxResTime" : 7393.0,
    "pct1ResTime" : 2162.5999999999995,
    "pct2ResTime" : 2627.199999999998,
    "pct3ResTime" : 4408.879999999993,
    "throughput" : 15.03518052488316,
    "receivedKBytesPerSec" : 4.353216301647322,
    "sentKBytesPerSec" : 4.286911765413949
  },
  "check jmeter variables for tasklist id" : {
    "transaction" : "check jmeter variables for tasklist id",
    "sampleCount" : 2515,
    "errorCount" : 0,
    "errorPct" : 0.0,
    "meanResTime" : 0.08588469184890668,
    "medianResTime" : 0.0,
    "minResTime" : 0.0,
    "maxResTime" : 114.0,
    "pct1ResTime" : 0.0,
    "pct2ResTime" : 0.0,
    "pct3ResTime" : 1.0,
    "throughput" : 31.984840584502294,
    "receivedKBytesPerSec" : 10.221099979651791,
    "sentKBytesPerSec" : 0.0
  },
  "read all tasklists" : {
    "transaction" : "read all tasklists",
    "sampleCount" : 1312,
    "errorCount" : 0,
    "errorPct" : 0.0,
    "meanResTime" : 1581.8147865853657,
    "medianResTime" : 1528.5,
    "minResTime" : 116.0,
    "maxResTime" : 6747.0,
    "pct1ResTime" : 2784.2000000000007,
    "pct2ResTime" : 3367.199999999999,
    "pct3ResTime" : 4902.789999999998,
    "throughput" : 16.623376623376622,
    "receivedKBytesPerSec" : 713.6375885928096,
    "sentKBytesPerSec" : 2.159090909090909
  },
  "delete task by id" : {
    "transaction" : "delete task by id",
    "sampleCount" : 1144,
    "errorCount" : 0,
    "errorPct" : 0.0,
    "meanResTime" : 1039.3951048951044,
    "medianResTime" : 979.5,
    "minResTime" : 3.0,
    "maxResTime" : 6952.0,
    "pct1ResTime" : 2189.0,
    "pct2ResTime" : 2720.5,
    "pct3ResTime" : 4470.449999999991,
    "throughput" : 14.718748391745148,
    "receivedKBytesPerSec" : 2.745391545725902,
    "sentKBytesPerSec" : 3.1258945917605887
  },
  "Transaction Controller - tasks" : {
    "transaction" : "Transaction Controller - tasks",
    "sampleCount" : 1144,
    "errorCount" : 0,
    "errorPct" : 0.0,
    "meanResTime" : 6050.537587412578,
    "medianResTime" : 6267.0,
    "minResTime" : 34.0,
    "maxResTime" : 17608.0,
    "pct1ResTime" : 9814.5,
    "pct2ResTime" : 10772.25,
    "pct3ResTime" : 13246.449999999975,
    "throughput" : 14.651639344262295,
    "receivedKBytesPerSec" : 66.95996894211066,
    "sentKBytesPerSec" : 18.555250324186733
  },
  "create task" : {
    "transaction" : "create task",
    "sampleCount" : 1203,
    "errorCount" : 0,
    "errorPct" : 0.0,
    "meanResTime" : 976.8852867830419,
    "medianResTime" : 958.0,
    "minResTime" : 3.0,
    "maxResTime" : 8894.0,
    "pct1ResTime" : 2169.8,
    "pct2ResTime" : 2645.399999999999,
    "pct3ResTime" : 4068.6400000000003,
    "throughput" : 15.437326763165998,
    "receivedKBytesPerSec" : 4.424632152435581,
    "sentKBytesPerSec" : 4.35588379658146
  },
  "Total" : {
    "transaction" : "Total",
    "sampleCount" : 17188,
    "errorCount" : 0,
    "errorPct" : 0.0,
    "meanResTime" : 818.2764719571801,
    "medianResTime" : 781.0,
    "minResTime" : 0.0,
    "maxResTime" : 8894.0,
    "pct1ResTime" : 2018.2000000000007,
    "pct2ResTime" : 2596.0,
    "pct3ResTime" : 4060.9900000000052,
    "throughput" : 216.7355997175426,
    "receivedKBytesPerSec" : 800.9975113566151,
    "sentKBytesPerSec" : 34.35177794862176
  },
  "check jmeter variables for task id" : {
    "transaction" : "check jmeter variables for task id",
    "sampleCount" : 1188,
    "errorCount" : 0,
    "errorPct" : 0.0,
    "meanResTime" : 0.0260942760942761,
    "medianResTime" : 0.0,
    "minResTime" : 0.0,
    "maxResTime" : 1.0,
    "pct1ResTime" : 0.0,
    "pct2ResTime" : 0.0,
    "pct3ResTime" : 1.0,
    "throughput" : 15.251104036150764,
    "receivedKBytesPerSec" : 4.867567814778679,
    "sentKBytesPerSec" : 0.0
  },
  "update tasklist name" : {
    "transaction" : "update tasklist name",
    "sampleCount" : 1272,
    "errorCount" : 0,
    "errorPct" : 0.0,
    "meanResTime" : 961.6297169811313,
    "medianResTime" : 949.0,
    "minResTime" : 3.0,
    "maxResTime" : 7071.0,
    "pct1ResTime" : 2037.7,
    "pct2ResTime" : 2571.3999999999996,
    "pct3ResTime" : 3896.2299999999955,
    "throughput" : 16.259746900166178,
    "receivedKBytesPerSec" : 4.714288995589927,
    "sentKBytesPerSec" : 3.9980765850696662
  },
  "read one task" : {
    "transaction" : "read one task",
    "sampleCount" : 1158,
    "errorCount" : 0,
    "errorPct" : 0.0,
    "meanResTime" : 1068.649395509499,
    "medianResTime" : 974.0,
    "minResTime" : 2.0,
    "maxResTime" : 6767.0,
    "pct1ResTime" : 2334.9000000000015,
    "pct2ResTime" : 2753.999999999999,
    "pct3ResTime" : 4528.910000000029,
    "throughput" : 14.900981817713895,
    "receivedKBytesPerSec" : 4.314276769974136,
    "sentKBytesPerSec" : 1.9277914007308945
  },
  "delete tasklist by id" : {
    "transaction" : "delete tasklist by id",
    "sampleCount" : 1233,
    "errorCount" : 0,
    "errorPct" : 0.0,
    "meanResTime" : 932.0446066504468,
    "medianResTime" : 928.0,
    "minResTime" : 3.0,
    "maxResTime" : 7068.0,
    "pct1ResTime" : 2090.2000000000003,
    "pct2ResTime" : 2626.6,
    "pct3ResTime" : 4116.620000000004,
    "throughput" : 15.814383008195776,
    "receivedKBytesPerSec" : 2.9497530806302668,
    "sentKBytesPerSec" : 3.4268304218451395
  }
}