{
  "Transaction Controller - tasklists" : {
    "transaction" : "Transaction Controller - tasklists",
    "sampleCount" : 243,
    "errorCount" : 0,
    "errorPct" : 0.0,
    "meanResTime" : 5543.251028806585,
    "medianResTime" : 4682.0,
    "minResTime" : 710.0,
    "maxResTime" : 15919.0,
    "pct1ResTime" : 10520.8,
    "pct2ResTime" : 11643.199999999999,
    "pct3ResTime" : 14832.160000000002,
    "throughput" : 7.594699337417177,
    "receivedKBytesPerSec" : 632.0481832690024,
    "sentKBytesPerSec" : 7.27578129883423
  },
  "read one tasklist" : {
    "transaction" : "read one tasklist",
    "sampleCount" : 265,
    "errorCount" : 0,
    "errorPct" : 0.0,
    "meanResTime" : 1137.8566037735848,
    "medianResTime" : 851.0,
    "minResTime" : 3.0,
    "maxResTime" : 8854.0,
    "pct1ResTime" : 2459.8,
    "pct2ResTime" : 2742.7,
    "pct3ResTime" : 5176.059999999954,
    "throughput" : 8.57938357938358,
    "receivedKBytesPerSec" : 2.4883563701923075,
    "sentKBytesPerSec" : 1.1478276859136234
  },
  "create tasklist" : {
    "transaction" : "create tasklist",
    "sampleCount" : 568,
    "errorCount" : 0,
    "errorPct" : 0.0,
    "meanResTime" : 1243.3080985915483,
    "medianResTime" : 986.0,
    "minResTime" : 3.0,
    "maxResTime" : 6819.0,
    "pct1ResTime" : 2557.5000000000014,
    "pct2ResTime" : 3388.649999999998,
    "pct3ResTime" : 5364.169999999918,
    "throughput" : 17.88131591374154,
    "receivedKBytesPerSec" : 5.25612899417598,
    "sentKBytesPerSec" : 4.1385467495671335
  },
  "read all tasks" : {
    "transaction" : "read all tasks",
    "sampleCount" : 193,
    "errorCount" : 0,
    "errorPct" : 0.0,
    "meanResTime" : 1148.259067357513,
    "medianResTime" : 969.0,
    "minResTime" : 11.0,
    "maxResTime" : 4622.0,
    "pct1ResTime" : 2338.2,
    "pct2ResTime" : 3048.7999999999947,
    "pct3ResTime" : 4588.16,
    "throughput" : 6.247774432682658,
    "receivedKBytesPerSec" : 20.293285513984657,
    "sentKBytesPerSec" : 0.787073146304749
  },
  "update task name" : {
    "transaction" : "update task name",
    "sampleCount" : 181,
    "errorCount" : 0,
    "errorPct" : 0.0,
    "meanResTime" : 1115.0607734806629,
    "medianResTime" : 941.0,
    "minResTime" : 4.0,
    "maxResTime" : 4626.0,
    "pct1ResTime" : 2442.800000000001,
    "pct2ResTime" : 2728.6000000000004,
    "pct3ResTime" : 4230.760000000003,
    "throughput" : 5.940464078243461,
    "receivedKBytesPerSec" : 1.7229666320686599,
    "sentKBytesPerSec" : 1.6997616942630214
  },
  "check jmeter variables for tasklist id" : {
    "transaction" : "check jmeter variables for tasklist id",
    "sampleCount" : 524,
    "errorCount" : 0,
    "errorPct" : 0.0,
    "meanResTime" : 0.06870229007633591,
    "medianResTime" : 0.0,
    "minResTime" : 0.0,
    "maxResTime" : 4.0,
    "pct1ResTime" : 0.0,
    "pct2ResTime" : 1.0,
    "pct3ResTime" : 1.0,
    "throughput" : 17.987710686210566,
    "receivedKBytesPerSec" : 5.756224307867907,
    "sentKBytesPerSec" : 0.0
  },
  "read all tasklists" : {
    "transaction" : "read all tasklists",
    "sampleCount" : 318,
    "errorCount" : 0,
    "errorPct" : 0.0,
    "meanResTime" : 1999.7106918238987,
    "medianResTime" : 1709.0,
    "minResTime" : 601.0,
    "maxResTime" : 7639.0,
    "pct1ResTime" : 3348.1,
    "pct2ResTime" : 3692.65,
    "pct3ResTime" : 4977.17,
    "throughput" : 9.925403414588471,
    "receivedKBytesPerSec" : 828.3872536205873,
    "sentKBytesPerSec" : 1.289139310683854
  },
  "delete task by id" : {
    "transaction" : "delete task by id",
    "sampleCount" : 153,
    "errorCount" : 0,
    "errorPct" : 0.0,
    "meanResTime" : 1122.5490196078438,
    "medianResTime" : 908.0,
    "minResTime" : 3.0,
    "maxResTime" : 6640.0,
    "pct1ResTime" : 2571.2,
    "pct2ResTime" : 3410.699999999991,
    "pct3ResTime" : 6513.100000000002,
    "throughput" : 4.981603881092697,
    "receivedKBytesPerSec" : 0.929185880164751,
    "sentKBytesPerSec" : 1.06053676374825
  },
  "Transaction Controller - tasks" : {
    "transaction" : "Transaction Controller - tasks",
    "sampleCount" : 153,
    "errorCount" : 0,
    "errorPct" : 0.0,
    "meanResTime" : 5240.235294117647,
    "medianResTime" : 4544.0,
    "minResTime" : 36.0,
    "maxResTime" : 16286.0,
    "pct1ResTime" : 10803.0,
    "pct2ResTime" : 12275.399999999994,
    "pct3ResTime" : 14730.800000000023,
    "throughput" : 4.956107673868679,
    "receivedKBytesPerSec" : 25.06372283048816,
    "sentKBytesPerSec" : 6.287093621440834
  },
  "create task" : {
    "transaction" : "create task",
    "sampleCount" : 206,
    "errorCount" : 0,
    "errorPct" : 0.0,
    "meanResTime" : 1052.849514563107,
    "medianResTime" : 855.0,
    "minResTime" : 3.0,
    "maxResTime" : 6671.0,
    "pct1ResTime" : 2389.9,
    "pct2ResTime" : 2751.7,
    "pct3ResTime" : 4537.080000000001,
    "throughput" : 6.668393111485174,
    "receivedKBytesPerSec" : 1.9145581784928136,
    "sentKBytesPerSec" : 1.88199766525314
  },
  "Total" : {
    "transaction" : "Total",
    "sampleCount" : 3291,
    "errorCount" : 0,
    "errorPct" : 0.0,
    "meanResTime" : 980.4135521118188,
    "medianResTime" : 659.0,
    "minResTime" : 0.0,
    "maxResTime" : 8854.0,
    "pct1ResTime" : 2465.8,
    "pct2ResTime" : 2945.399999999996,
    "pct3ResTime" : 4544.32,
    "throughput" : 101.97694595934556,
    "receivedKBytesPerSec" : 866.262531422363,
    "sentKBytesPerSec" : 16.067890702466535
  },
  "check jmeter variables for task id" : {
    "transaction" : "check jmeter variables for task id",
    "sampleCount" : 193,
    "errorCount" : 0,
    "errorPct" : 0.0,
    "meanResTime" : 0.06735751295336788,
    "medianResTime" : 0.0,
    "minResTime" : 0.0,
    "maxResTime" : 1.0,
    "pct1ResTime" : 0.0,
    "pct2ResTime" : 1.0,
    "pct3ResTime" : 1.0,
    "throughput" : 6.773831250877439,
    "receivedKBytesPerSec" : 2.1685774735013337,
    "sentKBytesPerSec" : 0.0
  },
  "update tasklist name" : {
    "transaction" : "update tasklist name",
    "sampleCount" : 282,
    "errorCount" : 0,
    "errorPct" : 0.0,
    "meanResTime" : 1171.2730496453898,
    "medianResTime" : 871.0,
    "minResTime" : 4.0,
    "maxResTime" : 6665.0,
    "pct1ResTime" : 2535.3,
    "pct2ResTime" : 3516.1499999999924,
    "pct3ResTime" : 4676.720000000002,
    "throughput" : 9.11854103343465,
    "receivedKBytesPerSec" : 2.644733092705167,
    "sentKBytesPerSec" : 2.2440159574468086
  },
  "read one task" : {
    "transaction" : "read one task",
    "sampleCount" : 165,
    "errorCount" : 0,
    "errorPct" : 0.0,
    "meanResTime" : 1098.757575757576,
    "medianResTime" : 864.0,
    "minResTime" : 3.0,
    "maxResTime" : 4662.0,
    "pct1ResTime" : 2390.8,
    "pct2ResTime" : 3122.999999999995,
    "pct3ResTime" : 4359.720000000001,
    "throughput" : 5.34794023271643,
    "receivedKBytesPerSec" : 1.551111571403105,
    "sentKBytesPerSec" : 0.6946055185071144
  },
  "delete tasklist by id" : {
    "transaction" : "delete tasklist by id",
    "sampleCount" : 243,
    "errorCount" : 0,
    "errorPct" : 0.0,
    "meanResTime" : 1066.5925925925922,
    "medianResTime" : 902.0,
    "minResTime" : 4.0,
    "maxResTime" : 6403.0,
    "pct1ResTime" : 2357.2,
    "pct2ResTime" : 2688.6,
    "pct3ResTime" : 4522.8,
    "throughput" : 7.861279156287406,
    "receivedKBytesPerSec" : 1.4663128113778265,
    "sentKBytesPerSec" : 1.704300754585746
  }
}